Bin,Start Address
0,0
1,3
2,4
3,5
4,6
5,7
6,10
7,11
8,12
9,15
10,16
11,19
12,20
13,21
14,28
15,33
16,34
17,35
18,36
19,41
20,42
21,47
22,52
23,57
24,60
25,65
26,66
27,73
28,80
29,89
30,96
31,99
32,108
33,111
34,120
35,123
36,130
37,135
38,142
39,145
40,152
41,161
42,176
43,187
44,200
45,209
46,222
47,231
48,242
49,245
50,254
51,269
52,276
53,285
54,292
55,299
56,314
57,329
58,334
59,341
60,350
61,355
62,366
63,371
64,382
65,395
66,402
67,411
68,424
69,431
70,452
71,459
72,464
73,477
74,484
75,497
76,508
77,519
78,536
79,549
80,560
81,577
82,586
83,599
84,618
85,627
86,632
87,637
88,660
89,677
90,690
91,711
92,720
93,743
94,756
95,769
96,782
97,797
98,812
99,817
100,836
101,845
102,856
103,869
104,880
105,897
106,912
107,923
108,934
109,943
110,962
111,977
112,992
113,1009
114,1030
115,1041
116,1066
117,1079
118,1086
119,1105
120,1124
121,1143
122,1160
123,1179
124,1198
125,1221
126,1234
127,1251
128,1266
129,1289
130,1302
131,1319
132,1336
133,1357
134,1370
135,1387
136,1408
137,1429
138,1452
139,1473
140,1488
141,1515
142,1542
143,1557
144,1572
145,1581
146,1596
147,1607
148,1618
149,1631
150,1652
151,1669
152,1686
153,1695
154,1718
155,1737
156,1758
157,1775
158,1800
159,1833
160,1850
161,1873
162,1884
163,1909
164,1930
165,1951
166,1972
167,2001
168,2036
169,2049
170,2070
171,2085
172,2104
173,2131
174,2154
175,2175
176,2204
177,2229
178,2244
179,2267
180,2300
181,2319
182,2338
183,2367
184,2388
185,2409
186,2426
187,2457
188,2498
189,2539
190,2566
191,2579
192,2598
193,2619
194,2638
195,2657
196,2678
197,2711
198,2742
199,2769
200,2786
201,2817
202,2848
203,2865
204,2878
205,2901
206,2918
207,2945
208,2968
209,2993
210,3022
211,3039
212,3066
213,3095
214,3116
215,3145
216,3160
217,3189
218,3218
219,3235
220,3272
221,3307
222,3330
223,3347
224,3382
225,3409
226,3444
227,3475
228,3502
229,3537
230,3568
231,3607
232,3648
233,3671
234,3690
235,3711
236,3742
237,3777
238,3806
239,3833
240,3860
241,3889
242,3920
243,3943
244,3974
245,3997
246,4022
247,4055
248,4080
249,4117
250,4148
251,4179
252,4208
253,4239
254,4258
255,4291
256,4316
257,4345
258,4372
259,4403
260,4432
261,4449
262,4478
263,4513
264,4560
265,4591
266,4618
267,4645
268,4694
269,4725
270,4766
271,4793
272,4834
273,4867
274,4890
275,4907
276,4934
277,4975
278,4998
279,5027
280,5048
281,5079
282,5126
283,5147
284,5170
285,5199
286,5228
287,5261
288,5294
289,5325
290,5348
291,5391
292,5422
293,5453
294,5488
295,5509
296,5546
297,5563
298,5586
299,5609
300,5652
301,5677
302,5700
303,5739
304,5792
305,5835
306,5864
307,5895
308,5932
309,5971
310,6012
311,6045
312,6082
313,6103
314,6130
315,6173
316,6202
317,6235
318,6268
319,6303
320,6320
321,6361
322,6396
323,6441
324,6470
325,6499
326,6524
327,6557
328,6596
329,6635
330,6666
331,6701
332,6742
333,6775
334,6796
335,6829
336,6874
337,6911
338,6940
339,6969
340,7002
341,7055
342,7082
343,7111
344,7138
345,7187
346,7218
347,7249
348,7292
349,7321
350,7362
351,7419
352,7448
353,7483
354,7518
355,7547
356,7588
357,7613
358,7658
359,7699
360,7722
361,7751
362,7792
363,7825
364,7876
365,7899
366,7942
367,7967
368,8006
369,8037
370,8078
371,8123
372,8158
373,8193
374,8222
375,8261
376,8284
377,8331
378,8354
379,8391
380,8420
381,8465
382,8502
383,8539
384,8584
385,8607
386,8644
387,8669
388,8704
389,8733
390,8774
391,8805
392,8852
393,8895
394,8918
395,8983
396,9016
397,9065
398,9104
399,9139
400,9192
401,9225
402,9270
403,9309
404,9378
405,9415
406,9450
407,9479
408,9512
409,9563
410,9592
411,9633
412,9668
413,9725
414,9760
415,9799
416,9848
417,9885
418,9922
419,9963
420,10008
421,10047
422,10100
423,10135
424,10172
425,10201
426,10264
427,10289
428,10334
429,10381
430,10422
431,10477
432,10526
433,10575
434,10618
435,10657
436,10714
437,10749
438,10780
439,10823
440,10874
441,10921
442,10966
443,11013
444,11054
445,11087
446,11134
447,11189
448,11234
449,11281
450,11310
451,11347
452,11388
453,11439
454,11470
455,11515
456,11552
457,11605
458,11642
459,11689
460,11734
461,11773
462,11812
463,11863
464,11904
465,11957
466,11986
467,12039
468,12078
469,12123
470,12172
471,12219
472,12252
473,12295
474,12338
475,12393
476,12442
477,12487
478,12538
479,12587
480,12624
481,12645
482,12686
483,12731
484,12796
485,12847
486,12872
487,12907
488,12948
489,12993
490,13038
491,13095
492,13138
493,13197
494,13236
495,13287
496,13334
497,13385
498,13436
499,13489
500,13528
501,13591
502,13632
503,13675
504,13706
505,13749
506,13792
507,13825
508,13862
509,13907
510,13944
511,13967
512,14024
513,14087
514,14142
515,14173
516,14234
517,14275
518,14330
519,14381
520,14436
521,14465
522,14510
523,14551
524,14594
525,14635
526,14694
527,14749
528,14802
529,14851
530,14896
531,14943
532,14984
533,15041
534,15094
535,15135
536,15164
537,15199
538,15246
539,15297
540,15338
541,15377
542,15416
543,15469
544,15530
545,15547
546,15600
547,15655
548,15696
549,15743
550,15796
551,15855
552,15908
553,15957
554,16002
555,16051
556,16102
557,16143
558,16182
559,16221
560,16270
561,16325
562,16386
563,16433
564,16476
565,16509
566,16550
567,16595
568,16640
569,16697
570,16750
571,16795
572,16856
573,16893
574,16948
575,16993
576,17046
577,17095
578,17142
579,17187
580,17220
581,17263
582,17296
583,17351
584,17392
585,17447
586,17490
587,17515
588,17540
589,17595
590,17640
591,17703
592,17758
593,17793
594,17848
595,17889
596,17932
597,17961
598,18002
599,18073
600,18136
601,18179
602,18216
603,18257
604,18306
605,18355
606,18402
607,18445
608,18506
609,18551
610,18592
611,18629
612,18686
613,18763
614,18800
615,18869
616,18918
617,18957
618,19008
619,19065
620,19122
621,19173
622,19224
623,19273
624,19324
625,19371
626,19416
627,19467
628,19510
629,19553
630,19606
631,19651
632,19714
633,19761
634,19800
635,19847
636,19906
637,19963
638,20000
639,20035
640,20096
641,20135
642,20194
643,20261
644,20308
645,20353
646,20404
647,20457
648,20518
649,20577
650,20624
651,20673
652,20722
653,20771
654,20818
655,20873
656,20924
657,20981
658,21038
659,21085
660,21146
661,21187
662,21246
663,21285
664,21352
665,21391
666,21458
667,21517
668,21572
669,21615
670,21642
671,21705
672,21742
673,21797
674,21850
675,21899
676,21946
677,22003
678,22046
679,22091
680,22150
681,22191
682,22250
683,22301
684,22354
685,22423
686,22476
687,22513
688,22542
689,22597
690,22654
691,22687
692,22728
693,22797
694,22844
695,22909
696,22956
697,23009
698,23054
699,23129
700,23182
701,23211
702,23272
703,23341
704,23394
705,23467
706,23500
707,23565
708,23594
709,23645
710,23698
711,23745
712,23776
713,23833
714,23884
715,23919
716,23978
717,24027
718,24082
719,24121
720,24172
721,24211
722,24272
723,24329
724,24392
725,24429
726,24496
727,24561
728,24634
729,24697
730,24752
731,24819
732,24892
733,24955
734,25012
735,25071
736,25132
737,25173
738,25220
739,25263
740,25318
741,25361
742,25410
743,25459
744,25522
745,25597
746,25660
747,25717
748,25750
749,25785
750,25830
751,25891
752,25960
753,26017
754,26070
755,26115
756,26172
757,26249
758,26314
759,26359
760,26398
761,26477
762,26516
763,26565
764,26610
765,26673
766,26742
767,26795
768,26840
769,26895
770,26954
771,27009
772,27076
773,27131
774,27208
775,27275
776,27350
777,27409
778,27482
779,27551
780,27600
781,27649
782,27692
783,27751
784,27792
785,27865
786,27916
787,27973
788,28024
789,28095
790,28146
791,28195
792,28252
793,28299
794,28354
795,28399
796,28474
797,28529
798,28598
799,28665
800,28716
801,28787
802,28850
803,28907
804,28974
805,29027
806,29082
807,29145
808,29204
809,29271
810,29314
811,29365
812,29402
813,29459
814,29534
815,29577
816,29620
817,29675
818,29746
819,29807
820,29856
821,29903
822,29946
823,30005
824,30058
825,30113
826,30150
827,30203
828,30238
829,30285
830,30338
831,30395
832,30448
833,30493
834,30534
835,30579
836,30646
837,30687
838,30732
839,30791
